,Title,Rating
0,365 Days,3.3
1,7500,6.3
2,Archenemy,5.0
3,Asuraguru,3.3
4,Aswathama,6.4
5,Attack,9.1
6,Ava,5.4
7,Dead Reckoning,7.8
8,Earth and Blood,5.2
9,Extraction,6.8
10,A Fall From Grace,5.9
11,Fatale,5.4
12,God Father,4.9
13,Honest Thief,6.0
14,Horizon Line,4.8
15,Malang,6.5
16,Monster Hunter,5.2
17,Paydirt,3.9
18,Songbird,4.8
19,Spell,5.5
20,The Crimes That Bind,
21,The Devil All the Time,7.1
22,The Last Days of American Crime,3.8
23,The Nest sean durkin,
24,The Night,7.5
25,The Retreat,4.9
26,The Tax Collector,4.8
27,Unknown Origins,6.1
28,V,7.9
29,Walter,7.3
30,We Still Say Grace,5.3
31,Akshara,5.1
32,Body Brokers,6.2
33,Cold Case,7.6
34,Copshop,6.2
35,Crime Story,8.4
36,Deadly Illusions,3.7
37,Drishyam 2,8.2
38,Fever Dream,5.4
39,Jagame Thandhiram,5.8
40,Lockdown,6.2
41,Master lokesh kanagaraj,
42,My Son,6.0
43,Net,6.0
44,Nightmare Alley,7.0
45,No Sudden Move,6.4
46,No Time to Die,7.3
47,Nobody,7.4
48,Ram,7.9
49,Silk Road,6.0
50,Son,7.0
51,The Gateway,4.8
52,The Hole in the Fence,
53,The Little Things,6.3
54,The Night House,6.5
55,The Voyeurs,6.1
56,The Woman in the Window,5.7
57,Vanquish,3.0
58,Wild Dog,6.1
59,Without Remorse,5.8
60,Wrath of Man,7.1
61,365 Days: This Day,2.6
62,"Alice, Darling",5.5
63,All the Old Knives,6.1
64,Ambulance,6.1
65,Bed Rest,5.1
66,Bheemla Nayak,6.3
67,Catwoman: Hunted,5.6
68,A Day to Die,5.2
69,Death on the Nile,6.3
70,Deep Water,5.5
71,Don't Worry Darling,6.3
72,Emancipation,6.2
73,KIMI,8.4
74,Memory,5.7
75,Monkey Man,
76,Salaar,
77,Samaritan,5.7
78,The 355,5.6
79,The Contractor,5.8
80,The Devil's Light,5.3
81,The Pale Blue Eye,6.6
82,Valimai,6.1
83,Vikram,8.3
84,Violent Night,6.7
85,Where the Crawdads Sing,7.2
86,Marlowe,5.3
87,The A-Team,7.5
88,Abandoned michael feifer,
89,The American,8.4
90,Buried,7.0
91,Cold Fish,7.1
92,Confessions,7.0
93,Devil,6.3
94,Edge of Darkness,6.6
95,The Experiment,6.4
96,Fair Game,6.8
97,From Paris with Love,6.4
98,The Ghost Writer,7.2
99,Golden Slumber yoshihiro nakamura,
100,Green Zone,6.8
101,I Saw the Devil,
102,Killers,8.0
103,Legion,5.3
104,Life Is an Art,4.7
105,The Losers,6.2
106,Love Crime,6.5
107,The Next Three Days,7.3
108,Salt,6.4
109,Secret Reunion,6.9
110,The Hunter rafi pitts,
111,Shutter Island,8.2
112,Smokin' Aces 2: Assassins' Ball,5.0
113,The Tourist,7.0
114,The Town,7.5
115,Unstoppable,6.8
116,Unthinkable,7.0
117,Abduction,5.1
118,A Morass,6.5
119,Blind Turn,5.3
120,The Devil's Double,7.1
121,Drive,7.8
122,Elephant White,4.4
123,The Girl with the Dragon Tattoo david fincher,7.8
124,Hanna,7.6
125,The Ides of March,7.1
126,The Ledge,5.1
127,The Lincoln Lawyer,7.7
128,Martha Marcy May Marlene,6.8
129,Requiem pour une tueuse,5.0
130,The Resident,7.8
131,The Roommate,4.8
132,The Skin I Live In,
133,Sleepless Night,6.6
134,Trespass,5.3
135,Unknown jaume collet serra,
136,Wrecked,7.3
137,X jon hewitt,
138,Act of Valor,6.4
139,The Apparition,4.1
140,Bending the Rules,2.6
141,The Body,7.6
142,Black & White Episode I: The Dawn of Assault,6.2
143,Compliance,6.4
144,Contraband,6.4
145,Ghost Rider: Spirit of Vengeance,4.3
146,Gone,8.1
147,Jack Reacher,7.0
148,Kahaani,6.7
149,Looper,7.4
150,Man on a Ledge,6.6
151,Premium Rush,6.5
152,Safe House,6.7
153,Savages,6.4
154,Stolen,5.5
155,Taken 2,6.2
156,The Tall Man,5.9
157,The Viral Factor,5.9
158,The Call,8.6
159,The Counselor,5.4
160,Drishyam jeethu joseph,
161,Lucia,7.0
162,Montage,7.4
163,Prisoners,8.1
164,Side Effects,7.1
165,Stoker,6.7
166,Trance,6.9
167,Ugly,6.7
168,Bugs,7.0
169,Christmas Icetastrophe,3.8
170,Cold in July,6.7
171,The Deathday Party,5.1
172,The Eighth House,5.1
173,Gone Girl,8.1
174,Honeymoon,5.7
175,The Imitation Game,8.0
176,Inside the Girls,5.1
177,Mystery,7.2
178,Nightcrawler,7.8
179,Non-Stop,6.9
180,She and She,8.1
181,The Snow White Murder Case,6.9
182,The Guest,6.7
183,Tomb Robber,4.5
184,Under the Bed 2,
185,The Boy Next Door,4.7
186,Colonia,7.0
187,Dark Places,6.2
188,Death Trip,2.7
189,Drishyam nishikant kamat,
190,Eye in the Sky gavin hood,7.3
191,Grasshopper,5.5
192,Insanity,5.0
193,The Mystery of Death,6.3
194,Nowhere to Run,5.7
195,Prophecy,5.5
196,Scary Road Is Fun,
197,Tokyo Mukokuseki Shojo,5.4
198,The Accountant,7.3
199,The Girl on the Train,6.5
200,Jack Reacher: Never Go Back,6.1
201,Mine,5.8
202,Money Monster,6.5
203,Nocturnal Animals,7.5
204,Uriyadi,7.9
205,Based on a True Story,7.2
206,Berlin Syndrome,6.3
207,The Girl in the Fog,6.8
208,Hangman,5.2
209,The Hunter's Prayer,5.5
210,The Invisible Guardian,6.4
211,The Invisible Guest,8.0
212,Kidnap,5.9
213,The Man with the Iron Heart,
214,The Playground,6.6
215,6 Days,6.2
216,Shot Caller,7.3
217,The Snowman,5.1
218,Thumper,5.8
219,You Were Never Really Here,6.7
220,Bad Times at the El Royale,7.1
221,Calibre,6.8
222,The Commuter,6.3
223,Death Wish,6.9
224,The Girl in the Spider's Web,6.1
225,Golden Slumber noh dong seok,
226,Missing,7.1
227,The Neighbor,4.8
228,The Realm,6.6
229,Red Sparrow,6.6
230,Searching,7.6
231,A Simple Favor,6.8
232,Traffik,5.9
233,Cold Pursuit,6.2
234,Glass,7.1
235,I See You,6.8
236,The Poison Rose,4.8
237,Serenity steven knight,
238,2000 AD,5.9
239,Anatomy,7.9
240,Baise-Moi,4.4
241,La comunidad,7.2
242,The Crimson Rivers,6.9
243,Devil in the Flesh II: Teacher's Pet,4.6
244,Chasing Sleep,6.2
245,Frequency,7.4
246,Gangster No 1,6.7
247,Memento,8.4
248,Merci Pour le Chocolat,6.7
249,Proof of Life,6.3
250,Proximity,4.8
251,Reindeer Games,5.8
252,Seance kiyoshi kurosawa,
253,Sexy Beast,7.3
254,Time and Tide,6.7
255,Six-Pack,5.9
256,With a Friend Like Harry,
257,Along Came a Spider,6.4
258,Antitrust,6.1
259,The Barber,7.3
260,Blue Spring,7.5
261,The Devil's Backbone,7.4
262,Domestic Disturbance,5.6
263,Don't Say a Word,6.3
264,Das Experiment,7.7
265,Enigma,6.4
266,The Fast and the Furious,6.8
267,Frailty,7.2
268,Fulltime Killer,6.8
269,The Glass House,5.8
270,Hannibal,8.5
271,Intacto,6.8
272,Joy Ride,6.4
273,Megiddo: The Omega Code 2,3.9
274,Nine Queens,7.9
275,Pulse kiyoshi kurosawa,
276,Read my Lips,7.3
277,Soul Survivors,3.9
278,Spy Game,7.1
279,Swordfish,6.5
280,Training Day,7.7
281,Vanilla Sky,6.9
282,The Watcher,6.5
283,Zebra Lounge,4.7
284,2LDK,6.8
285,Abandon,4.8
286,And Now Ladies and Gentlemen,6.1
287,Assassination Tango,5.7
288,Blackwoods,3.2
289,City of Ghosts,5.9
290,The Dancer Upstairs,6.9
291,Demonlover,5.9
292,Dirty Pretty Things,7.3
293,Enough,5.7
294,Extreme Ops,4.4
295,Femme Fatale,6.2
296,The Hard Word,6.0
297,"He Loves Me, He Loves Me Not",
298,Insomnia,7.2
299,Murder By Numbers,6.1
300,Narc,7.1
301,One Hour Photo,6.8
302,Panic Room,6.8
303,The Quiet American,7.0
304,Red Dragon,7.2
305,Ripley's Game,6.6
306,The Salton Sea,7.0
307,Suicide Club,6.5
308,Swimfan,5.1
309,Three Blind Mice,2.9
310,Trapped,8.0
311,XXX,5.8
312,Anatomy 2,5.0
313,Basic,7.0
314,Cold Creek Manor,5.0
315,Confidence,6.6
316,Doppelganger,4.4
317,dot the i,6.7
318,Fear X,6.0
319,Gothika,5.8
320,The i Inside,6.0
321,Identity,7.3
322,I'm Not Scared,7.4
323,In the Cut,5.4
324,Killing Words,7.0
325,King of the Ants,6.1
326,Kontroll,7.6
327,"Lucia, Lucia",7.0
328,Mystic River,7.9
329,Once Upon a Time in Mexico,6.3
330,Open Water,5.8
331,Out of Time,6.5
332,Phone Booth,7.1
333,The Recruit,7.4
334,Runaway Jury,7.1
335,Running on Karma,6.6
336,Swimming Pool,6.7
337,Veronica Guerin,6.8
338,Who Killed Bambi?,5.6
339,The Butterfly Effect,7.6
340,Cellular,6.5
341,The Clearing,6.3
342,The Crimson Rivers II: The Angels of the Apocalypse,5.9
343,Dead Man's Shoes,7.6
344,District B13,7.1
345,EMR,5.4
346,Freeze Frame,6.3
347,Je Suis un Assassin,5.6
348,Kill Bill: Volume 2,8.0
349,The Machinist,7.6
350,Man on Fire,7.7
351,The Manchurian Candidate,6.6
352,Mindhunters,6.3
353,Night Watch,6.4
354,November,6.7
355,Oldboy,8.4
356,Red Lights,6.2
357,Secret Window,6.5
358,Spartan,6.5
359,Suspect Zero,5.8
360,Taking Lives,6.2
361,Three Way,4.6
362,Torque,4.1
363,Trauma,4.9
364,Twisted,7.4
365,Undertow,6.5
366,The Village,6.6
367,Wild Things 2,4.5
368,13 Tzameti,7.3
369,Antibodies,6.9
370,Blood Rain,6.6
371,Cache,7.3
372,The Constant Gardener,7.4
373,Derailed mikael hafstrom,
374,Domino,5.9
375,Empire of the Wolves,5.8
376,Flightplan,6.3
377,Hard Candy,7.0
378,A History of Violence,7.4
379,Hostage,6.5
380,The Interpreter,6.4
381,Lord of War,7.6
382,Kill Zone,6.9
383,Munich,7.5
384,Red Eye,6.5
385,Stay,6.7
386,Sympathy for Lady Vengeance,
387,Syriana,6.9
388,Transporter 2,6.3
389,White Noise geoffrey sax,
390,Wild Things: Diamonds in the Rough,4.5
391,XXX: State of the Union,4.5
392,Basic Instinct 2,4.4
393,Black Book,7.7
394,Bug,6.1
395,Children of Men,7.9
396,Comedy of Power,6.3
397,The Departed,8.5
398,Exiled,7.2
399,The Fast and the Furious: Tokyo Drift,6.0
400,Fay Grim,6.1
401,Frontier,7.1
402,Half Light,6.0
403,Inside Man,7.6
404,The Lives of Others,
405,Like Minds,6.3
406,Lucky Number Slevin,7.7
407,Miami Vice,7.5
408,The Night Listener,5.9
409,The Page Turner,7.0
410,Perfume: The Story of a Murderer,7.5
411,Red Road,6.8
412,The Return,9.0
413,The Sentinel,6.3
414,Tell No One,7.5
415,Unknown simon brand,
416,V for Vendetta,8.2
417,Anamorph,5.4
418,Anything for Her,7.1
419,Awake,6.5
420,Before the Devil Knows You're Dead,7.3
421,Boarding Gate,5.1
422,The Bourne Ultimatum,8.0
423,Death Proof,7.0
424,Death Sentence,6.7
425,Disturbia,6.8
426,Eastern Promises,7.6
427,First Snow,6.2
428,Flash Point,6.7
429,The Flock,5.7
430,Fracture,7.2
431,Funny Games,6.5
432,A Girl Cut in Two,6.2
433,Gone Baby Gone,7.6
434,The Gray Man scott flynn,6.5
435,Hannibal Rising,6.1
436,Hitman xavier gens,
437,I Know Who Killed Me,3.6
438,Illegal Tender,5.4
439,The Invisible,7.1
440,Jar City,6.8
441,Joshua george ratliff,
442,Michael Clayton,7.2
443,Mr Brooks,7.3
444,No Country for Old Men,8.2
445,The Number 23,6.4
446,Perfect Stranger,5.7
447,Premonition mennan yapo,
448,Roman de Gare,7.1
449,Seraphim Falls,6.6
450,Stuck,6.8
451,Ten 'til Noon,5.5
452,Three robby henson,
453,Timecrimes,7.1
454,21,6.8
455,88 Minutes,5.9
456,The Baader Meinhof Complex,7.3
457,The Caller,6.1
458,Cassandra's Dream,6.6
459,Changeling,5.9
460,Deception,7.8
461,Donkey Punch,5.2
462,Loss,7.4
463,"The Eye david moreau,xavier palud",6.7
464,The Horsemen,6.2
465,Just Another Love Story,7.8
466,Lakeview Terrace,6.2
467,The Life Before Her Eyes,6.3
468,Max Payne,5.3
469,The Oxford Murders,6.1
470,Pathology,5.9
471,Poison Ivy: The Secret Society,4.2
472,Redbelt,6.7
473,Reykjavik-Rotterdam,6.7
474,Righteous Kill,6.0
475,The Square,7.1
476,Street Kings,6.8
477,Surveillance,6.3
478,Taken,7.8
479,The Objective,5.4
480,Transsiberian,6.6
481,Valkyrie,7.1
482,Vantage Point,6.6
483,The X-Files: I Want to Believe,5.9
484,Amer,8.0
485,American Sunset,5.2
486,Angels & Demons,6.7
487,Armored,
488,Chloe,6.3
489,The Disappearance of Alice Creed,6.7
490,Dolan's Cadillac,5.6
491,Duplicity,6.1
492,Espion,5.9
493,The Girl Who Kicked the Hornets' Nest,7.3
494,The Girl Who Played with Fire,7.1
495,The Girl with the Dragon Tattoo niels arden oplev,7.8
496,Harry Brown,7.2
497,The International,6.5
498,Killshot,6.0
499,Law Abiding Citizen,7.4
500,Obsessed,6.2
501,A Perfect Getaway,6.5
502,Push,6.1
503,The Stepfather,5.6
504,Street Fighter: The Legend of Chun Li,3.7
505,The Taking of Pelham 123,6.4
506,The Secret in Their Eyes,8.2
507,Vengeance johnnie to,
508,Whiteout dominic sena,
510,Ala Vaikunthapurramuloo,7.3
516,Bad Boys for Life,6.5
517,Bamfaad,5.8
518,Bheeshma,6.6
519,Birds of Prey,6.1
520,Chick Fight,4.8
521,Cut Throat City,4.9
523,Deliver Us from Evil hong wong chan,
524,Disco Raja,6.1
526,Enter the Fat Dragon,5.7
529,Fatman,5.9
530,Force of Nature,4.6
531,The Gentlemen,7.8
532,Ghosts of War,5.6
533,Greyhound,7.0
534,Guns Akimbo,6.3
535,Guns of Banaras,5.8
536,Hitman: Agent Jun,6.4
538,I Am Vengeance: Retaliation,3.5
540,Mafia: Chapter 1,5.9
543,Mortal Kombat Legends: Scorpion's Revenge,7.4
544,My Spy,6.3
545,Palasa 1978,7.4
546,Pasal Kau,4.0
547,Peninsula,5.5
548,Sarileru Neekevvaru,5.8
549,Shivarjuna,5.6
550,Sniper: Assassin's End,5.3
551,Spenser Confidential,6.2
552,Survive the Night,4.0
553,Superintelligence,5.4
554,Superman: Man of Tomorrow,6.4
555,Superman: Red Son,6.4
556,The Swordsman,6.8
557,Tanhaji,7.5
560,Vanguard,4.7
561,We Can Be Heroes,4.7
562,Aaraattu,3.8
563,Alludu Adhurs,3.2
564,Army of Thieves,6.4
565,Batman: Soul of the Dragon,6.1
566,Batman: The Long Halloween,7.5
567,Bhuj: The Pride of India,4.2
568,Black Widow,6.7
569,Boss Level,6.8
570,Bright: Samurai Soul,5.5
572,Dangerous,5.1
573,Eternals,6.3
574,Gunpowder Milkshake,6.1
575,The Hitman's Wife's Bodyguard,6.1
576,Infinite,5.5
577,Jolt,5.6
578,Justice Society: World War II,6.4
579,KGF: Chapter 2,
580,Kate,6.2
581,Krack,7.0
582,The Last Mercenary,5.3
583,Major Grom: Plague Doctor,
584,The Marksman,5.7
586,Mortal Kombat,6.0
589,The Protege,6.1
590,Raging Fire,6.5
592,Red kishore tirumala,
593,Red Notice,6.3
594,RRR,7.8
595,Satyameva Jayate 2,4.1
596,Sheenogai,8.2
597,Shang-Chi and the Legend of the Ten Rings,7.4
598,Snake Eyes,5.4
599,Sweet Girl,5.5
600,Thunder Force,4.5
606,All Quiet on the Western Front,8.1
608,Brahmastra,5.6
609,The Buy Bust Queen,7.7
612,Morbius,5.2
615,Secret Headquarters,5.2
616,Security Academy,
617,Sisu,6.9
618,Top Gun: Maverick,8.3
620,13 Assassins,7.5
621,14 Blades,6.3
623,Bad Blood,7.5
624,Bangkok Knockout,5.4
625,Batman: Under the Red Hood,8.0
626,Blades of Blood,5.9
627,The Book of Eli,6.8
628,The Bounty Hunter,5.5
629,"The Butcher, the Chef and the Swordsman",5.6
630,Cop Out,5.5
631,Death Race 2,6.2
632,Date Night,6.3
633,Faster,6.4
634,From Paris With Love,6.4
635,Gothic & Lolita Psycho,5.3
636,Hunt to Kill,5.1
637,Ip Man 2,7.5
638,Just Call Me Nobody,4.0
639,Justice League: Crisis on Two Earths,7.2
640,Kick-Ass,7.6
642,The King of Fighters,3.1
643,Knight and Day,6.3
644,Little Big Soldier,6.9
646,Machete,6.6
647,The Man from Nowhere,6.3
648,Mutant Girls Squad,5.7
649,Ong Bak 3,4.9
650,Operation: Endgame,4.9
651,Piranha 3D,5.5
652,Point Blank,7.3
653,Red robert schwentke,
654,The Red Eagle,5.5
655,Reign of Assassins,6.8
657,Sinners and Saints,7.2
659,The Spy Next Door,5.4
660,The Stool Pigeon,6.7
661,Superman/Batman: Apocalypse,7.0
662,Tekken,4.8
663,True Legend,6.4
664,Undisputed III: Redemption,7.3
666,Vampire Warriors,4.0
667,The Warrior's Way,6.2
668,Yamada: The Samurai of Ayothaya,5.8
669,The Yellow Sea,7.3
670,30 Minutes or Less,6.1
671,All-Star Superman,6.8
672,Amsterdam Heavy,2.6
673,Bangkok Revenge,4.9
674,Batman: Year One,7.3
675,Battlefield Heroes,5.4
676,Bbuddah Hoga Terra Baap,5.6
677,Bodyguard,8.1
678,Colombiana,6.4
679,Contagion,6.8
680,Countdown huh jong ho,
681,Don 2: The King is Back,7.1
682,Fast Five,7.3
683,Flying Swords of Dragon Gate,5.9
684,The Green Hornet,5.8
685,Green Lantern: Emerald Knights,6.7
687,He-Man,7.5
688,Hobo with a Shotgun,6.1
689,Karate Girl,3.5
690,Karate-Robo Zaborgar,6.3
691,The Kick,3.7
692,Killer Elite,6.4
693,Largo Winch II,6.1
694,The Lost Bladesman,6.0
695,Manborg,5.5
696,Manila Kingpin: The Asiong Salonga Story,6.6
697,The Mechanic,6.5
698,Mission: Impossible Ghost Protocol,7.4
699,''Monster Brawl'',3.6
700,Mr & Mrs Incredible,6.5
701,My Kingdom,5.9
702,My Own Swordsman,8.6
703,Never Back Down 2,5.7
704,Ninja Kids,5.3
705,No Limit,5.8
706,Quick,6.5
707,The Raid: Redemption,7.6
708,Red Tears,4.7
709,Sector 7,4.7
710,Sherlock Holmes: A Game of Shadows,7.4
711,Singham,6.8
713,Sniper: Reloaded,5.4
714,The Sword Identity,5.4
715,White Vengeance,6.1
716,Wild 7,8.3
717,Wu Xia,7.0
718,Yakuza Weapon,5.2
719,21 Jump Street,7.2
720,Abraham Lincoln: Vampire Hunter,5.9
722,Agneepath,6.9
723,Bait 3D,5.2
724,"Batman: The Dark Knight Returns, Part 1",7.9
726,The Bourne Legacy,6.6
727,A Company Man,6.6
729,Dabangg 2,4.8
730,The Dark Knight Rises,8.4
731,Ek Tha Tiger,5.6
732,The Expendables 2,6.6
733,Fire with Fire,5.6
734,The Four,5.6
735,Gangs of Wasseypur Part 1,
736,Gangs of Wasseypur Part 2,
738,The Guillotines,4.8
739,Guns and Roses,6.8
740,Hit and Run,7.0
741,Hitman cesar montano,
743,Justice League: Doom,7.4
744,"Lockout stephen saint leger,james mather",
745,The Man with the Iron Fists,5.4
746,Naked Soldier,4.8
748,Rurouni Kenshin,8.3
749,Safe,7.2
751,Skyfall,7.8
752,Soldiers of Fortune,4.3
753,Superman vs The Elite,7.0
754,Tai Chi 0,6.0
756,Universal Soldier: Day of Reckoning,5.1
758,Wu Dang,5.3
759,009-1: The End of the Beginning,4.6
760,"10,000 Hours",5.9
761,2 Guns,6.7
762,Alfredo S Lim,8.0
763,Angel Warriors,4.6
764,"Batman: The Dark Knight Returns, Part 2",8.3
765,The Berlin File,6.6
766,Bounty Killer,5.5
767,Boy Golden: Shoot to Kill,6.8
768,Bullet to the Head,5.7
769,Death Race 3: Inferno,5.4
770,Escape Plan,6.7
771,Fast & Furious 6,6.6
772,The Fighting Chefs,4.8
773,Firestorm,4.8
774,The Four II,
775,Gangster Squad,6.7
776,Getaway,7.3
777,A Good Day to Die Hard,
778,The Heat,6.6
779,Homefront,6.5
780,Hummingbird,
781,Justice League: The Flashpoint Paradox,8.1
782,Kick-Ass 2,6.5
783,The Last Stand,6.6
784,Machete Kills,5.6
785,Man of Tai Chi,6.0
786,The Marine 3: Homefront,4.8
787,Ninja: Shadow of a Tear,6.1
788,Olympus Has Fallen,6.5
789,On the Job,7.0
790,Once Upon a Time in Vietnam,7.7
791,The Package,5.6
792,RED 2,6.6
793,RIPD,5.6
794,Running Man,6.7
795,Saka-saka,6.4
796,Special ID,5.5
797,Superman Unbound,6.5
798,The Suspect,6.8
799,Switch,
800,Tom Yum Goong 2,5.2
801,Waar,7.5
802,Welcome to the Punch,6.1
803,White House Down,6.3
804,The White Storm,5.8
805,The Wrath of Vajra,6.1
806,Alibughang Anak,
807,The Amazing Spider-Man 2,6.6
808,American Sniper,
809,Android Cop,3.3
810,Black & White: The Dawn of Justice,5.7
811,Bonifacio: Ang Unang Pangulo,6.5
812,Brick Mansions,5.6
813,Brotherhood of Blades,6.6
814,The Dead Lands,6.3
815,Edge of Tomorrow,7.9
816,The Equalizer,6.9
817,Everly,5.1
818,The Expendables 3,6.1
819,Falcon Rising,5.7
820,Gangster Lolo,
821,High Kick Angels,6.2
822,In the Blood,5.7
823,Jack Ryan: Shadow Recruit,6.2
824,John Wick,7.7
825,Justice League: War,5.3
826,Kung Fu Jungle,6.4
827,Mercenaries christopher douglas olen ray,
828,Muslim Magnum 357: To Serve and Protect,5.2
829,No Tears for the Dead,7.4
830,P-51 Dragon Fighter,2.8
831,The Raid 2: Berandal,7.9
832,Redeemer,5.4
833,Ride Along,6.1
834,"Sa Ngalan ng Ama, Ina at mga Anak",7.6
835,Sabotage,5.7
836,SEAL Team 8: Behind Enemy Lines,4.4
837,Sin City: A Dame to Kill For,6.5
838,Sniper: Legacy,5.3
839,Son of Batman,6.7
840,The Target,5.2
841,Transformers: Age of Extinction,5.6
842,Wyrmwood: Road of the Dead,6.2
843,American Ultra,6.1
844,Angela Markado,8.1
845,Ant-Man,6.1
846,Blackhat,5.5
847,Barely Lethal,5.4
848,Close Range,6.9
849,Dragon Blade,5.9
850,Furious 7,7.1
851,Gridlocked,5.8
852,The Gunman,5.8
853,Heist,8.2
854,Hitman: Agent 47,5.7
855,Ip Man 3,7.0
856,Kung Fury,
857,The Man from UNCLE,7.2
858,The Marine 4: Moving Target,5.2
859,Manila's Finest,4.0
860,Mission: Impossible Rogue Nation,7.4
861,Mortdecai,5.5
862,No Escape,6.7
863,Run All Night,6.6
864,San Andreas Quake,2.1
865,San Andreas,6.1
866,Survivor,7.5
867,SPL II: A Time for Consequences,6.7
868,Spy,7.0
869,Taken 3,6.0
870,The Transporter Refueled,5.2
871,Wild Card,5.6
872,Wolf Warrior,5.9
873,13 Hours: The Secret Soldiers of Benghazi,7.3
875,Bastille Day,6.3
876,Boyka: Undisputed,6.9
877,Eliminators,4.9
878,Enteng Kabisote 10 and the Abangers,3.7
879,Expressway,5.7
880,Hard Target 2,5.2
881,Headshot,6.3
883,Jarhead 3: The Siege,5.1
884,Jason Bourne,6.6
885,Keeping Up with the Joneses,5.9
886,Lady Bloodfight,5.6
887,London Has Fallen,5.9
888,Max Steel,4.6
889,Mechanic: Resurrection,5.7
890,Momentum,5.5
891,Never Back Down: No Surrender,6.3
892,Operation Mekong,6.5
893,Ride Along 2,5.9
894,Sniper: Ghost Shooter,5.4
895,Suicide Squad,5.9
896,Teenage Mutant Ninja Turtles: Out of the Shadows,5.9
897,Underworld: Blood Wars,5.7
898,X-Men: Apocalypse,6.9
899,24 Hours to Live,5.8
900,The Adventurers,5.3
901,American Assassin,6.2
902,Atomic Blonde,6.7
903,AWOL,6.2
904,Blade of the Immortal,6.7
905,The Blood,2.9
906,The Brink,7.7
907,Double Barrel,5.7
908,The Fate of the Furious,6.6
909,The Foreigner,7.0
910,The Hitman's Bodyguard,6.9
911,Jailbreak,5.4
912,John Wick: Chapter 2,7.4
913,The Marine 5: Battleground,5.1
914,Overdrive,5.4
915,Paradox,5.5
916,Security,5.7
917,Shock Wave,6.3
918,Sleepless,6.8
919,Sniper: Ultimate Kill,5.6
920,Stratton,4.8
921,The Villainess,6.6
922,x Xx: Return of Xander Cage,5.2
923,Accident Man,6.2
924,Badge of Honor: To Serve and Protect,
925,Braven,5.9
926,Buy Bust,5.7
927,Death Race: Beyond Anarchy,5.2
929,Escape Plan 2: Hades,3.9
930,The Equalizer 2,6.7
931,Final Score,5.8
932,Golden Job,5.6
933,Hunter Killer,6.6
934,I Am Vengeance,4.4
935,The Marine 6: Close Quarters,4.9
936,Master Z: The Ip Man Legacy,6.5
937,Mile 22,6.1
938,Mission: Impossible Fallout,7.7
939,''Nekrotronic'',5.6
940,The Night Comes for Us,6.9
941,Operation Red Sea,6.6
942,Peppermint,6.5
943,Sicario: Day of the Soldado,7.1
944,Skyscraper,5.8
945,Take Point,5.4
946,Venom ruben fleischer,
947,The Witch: Part 1 The Subversion,7.1
948,21 Bridges,6.6
949,Angel Has Fallen,6.4
950,Anna,6.6
951,Ashfall,6.2
952,Avengement,6.6
953,Bahad,6.8
954,Captain Marvel,6.8
955,Escape Plan: The Extractors,4.4
956,Exit Point,6.4
957,Foxtrot Six,5.4
958,Furie,5.6
959,"The Gangster, The Cop, The Devil",
960,Hobbs & Shaw,6.5
961,The Informer,6.6
962,Ip Man 4: The Finale,7.0
963,John Wick: Chapter 3 Parabellum,7.4
964,Maria,
965,The Mercenary,7.1
966,Miss Bala,5.8
967,No Mercy,5.7
968,Rambo: Last Blood,6.1
969,Spider-Man: Far From Home,7.4
970,Star Wars: The Rise of Skywalker,6.4
971,Stuber,6.2
972,Triple Threat,5.6
973,The White Storm 2 - Drug Lords,6.0
974,The Art of War,5.7
975,Bait antoine fuqua,6.3
976,Battle Royale,7.5
977,Blood: The Last Vampire hiroyuki kitabuko,5.2
978,Charlie's Angels,5.6
979,China Strike Force,5.3
980,Ang Dalubhasa,6.9
981,The Duel,7.4
982,Gojoe: Spirit War Chronicle,6.2
983,Gone in 60 Seconds,6.3
984,Jiang Hu: The Triad Zone,6.9
985,"Pag Oras Mo, Oras Mo Na",
986,Ping Lacson: Super Cop,4.8
987,Romeo Must Die,6.1
988,Shaft,6.4
989,Shanghai Noon,6.6
990,Sugo ng Tondo,7.5
991,Taxi 2,6.5
993,Tokyo Raiders,5.8
994,Whiteout setsuro wakamatsu,
995,3000 Miles to Graceland,6.0
996,The Accidental Spy,5.8
997,Alas-Dose,5.9
998,Behind Enemy Lines,6.4
999,"Bukas, Babaha ng Dugo",
1000,Bullets of Love,5.8
1001,Double Take,5.4
1002,Driven,6.4
1003,"Dugong Aso: Mabuting Kaibigan, Masamang Kaaway",
1004,Exit Wounds,5.6
1006,Formula 51,6.3
1008,Hindi Sisiw ang Kalaban Mo,
1009,"Masikip Na ang Mundo Mo, Labrador",
1010,My Wife is a Gangster,6.3
1011,Onmyoji,
1012,Pootie Tang,5.3
1013,The Princess Blade,5.6
1014,Red Shadow,5.6
1015,Replicant,5.3
1016,Running Out of Time 2,6.5
1017,Ticker,3.5
1018,Volcano High,5.9
1019,Wasabi,6.6
1020,Ang Agimat: Anting-Anting ni Lolo,6.0
1021,Ang Alamat ng Lawin,5.5
1022,Alive,7.1
1023,Aragami,6.7
1024,Batas ng Lansangan,6.7
1025,Black Mask 2: City of Masks,3.6
1026,Chinese Odyssey 2002,7.0
1027,Collateral Damage,5.5
1028,Dead or Alive: Final,5.6
1029,Derailed bob misiorowsky,
1030,Equilibrium,7.3
1032,"Flying Dragon, Leaping Tiger",5.2
1033,Half Past Dead,4.6
1034,Hari ng Selda: Anak ni Baby Ama 2,7.7
1035,Gangsters,6.4
1036,Huwag Mong Takasan ang Batas,
1037,Mano Mano 2: Ubusan ng Lakas,8.3
1038,Muscle Heat,5.1
1039,Naked Weapon,5.5
1040,Old Men in New Cars,6.7
1041,Pistolero,7.1
1042,The Red Siren,5.2
1043,Returner,6.4
1044,So Close,6.6
1045,Spider-Man,8.7
1046,Star Wars Episode II: Attack of the Clones,6.6
1047,Steal,5.4
1048,Sympathy for Mr Vengeance,
1049,Tongan Ninja,6.0
1050,Tsui Hark's Vampire Hunters,4.7
1051,Undercover Brother,5.9
1053,Yesterday,6.8
1054,Bad Boys II,6.6
1055,Belly of the Beast,4.6
1056,Bertud ng Putik,6.7
1057,Biker Boyz,4.6
1058,Bulletproof Monk,5.4
1059,Captain Barbell,4.9
1060,Charlie's Angels: Full Throttle,4.9
1061,The Core,5.5
1062,Daredevil,8.6
1063,Drunken Monkey,5.9
1064,Fantastic Man,5.7
1065,The Hebrew Hammer,6.1
1066,Heroic Duo,5.8
1067,Hollywood Homicide,5.3
1068,Hulk,5.6
1069,The Hunted,5.4
1070,In Hell,6.1
1071,Lara Croft Tomb Raider: The Cradle of Life,5.5
1072,Lastikman,6.0
1073,Looking for Mr Perfect,6.7
1074,A Man Apart,6.0
1075,Masamang Ugat,
1076,"The Matrix Reloaded andy wachowski, larry wachowski",
1077,"The Matrix Revolutions andy wachowski, larry wachowski",
1078,The Medallion,5.2
1080,Ong-Bak: Muay Thai Warrior,7.1
1081,Onmyoji 2,6.0
1082,PTU,7.0
1084,SWAT,7.2
1085,Taxi 3,5.8
1086,Tube,5.7
1087,Warriors of Heaven and Earth,8.2
1088,When Eagles Strike,
1089,You and Me Against the World,6.3
1090,Zatoichi,7.5
1091,Astigmatism,5.2
1092,Blast,6.7
1093,The Bodyguard,6.3
1094,Born to Fight,4.9
1095,Breaking News,5.8
1096,Casshern,6.0
1097,Catwoman,3.4
1099,Enter the Phoenix,5.5
1100,Gagamboy,5.6
1101,Izo,6.0
1103,Kung Fu Hustle,7.7
1104,Lastikman: Unang Banat,5.3
1106,Mano Mano 3: Arnis the Lost Art,6.0
1108,One Nite in Mongkok,7.1
1109,Silver Hawk,5.1
1110,Spider-Man 2,7.5
1111,Taxi,8.2
1112,Throw Down,8.6
1114,Twins Effect II,4.8
1115,Volta,8.5
1116,Walking Tall,6.3
1117,The White Dragon,
1118,Zebraman,6.5
1119,on Flux,5.4
1120,Azumi 2: Death or Love,6.2
1121,Black Dawn,3.8
1122,Divergence,6.6
1124,Dragon Squad,5.3
1125,Elektra,4.7
1126,Four Brothers,6.8
1128,House of Fury,6.1
1129,Initial D,6.3
1130,Into the Blue,5.9
1131,Kung Fu Mahjong,5.6
1132,Les Chevaliers du ciel,5.7
1133,Mr and Mrs Smith,6.5
1134,The Myth,6.1
1135,Pit Fighter,4.3
1136,Sahara,6.0
1137,Seven Swords,6.1
1138,SPL: Sha Po Lang,
1139,Terrorist Hunter,
1140,The Tiger Blade,4.4
1141,Tom-Yum-Goong,7.0
1143,Unleashed,7.0
1144,Uno,5.5
1146,AI Assault,2.9
1147,Apoy sa Dibdib ng Samar,5.0
1148,Attack Force,2.7
1149,Batas Militar,
1150,A Battle of Wits,
1151,"Bon Cop, Bad Cop",6.7
1153,Cicak Man,3.4
1154,The City of Violence,
1155,Curse of the Golden Flower,6.4
1156,DOA: Dead or Alive,4.8
1157,Dragon Tiger Gate,6.1
1158,Dynamite Warrior,5.1
1159,Election 2,7.4
1160,End Game,5.1
1163,Fatal Contact,6.5
1164,Fearless,7.6
1165,The Guardian,7.4
1166,Horrors of War,2.9
1167,Kiltro,5.5
1168,Lagot Ka sa Kuya Ko,8.0
1169,Mercury Man,4.2
1171,Rob-B-Hood,6.6
1172,Smokin' Aces,6.6
1173,Tatlong Baraha,5.6
1174,Two Tigers,5.9
1175,Ultimate Avengers The Movie,6.6
1176,Undisputed II: Last Man Standing,7.0
1177,V For Vendetta,8.2
1178,Yo-Yo Girl Cop,5.0
1179,Agent X44,6.1
1180,Black Belt,6.2
1182,The Condemned,6.0
1183,Eye in the Sky yau nai hoi,
1185,Ghost Rider,5.3
1187,Invisible Target,6.7
1188,Kill Buljo,5.6
1189,The King of the Mountain,5.4
1190,Lady Ninja Kasumi,5.1
1191,Postal,4.5
1192,The Rebel,7.8
1193,Redline andy cheng,
1194,Resiklo,3.3
1195,Rise of the Footsoldier,6.3
1196,Scorpion,7.0
1198,Shoot 'Em Up,6.6
1199,Superman: Doomsday,6.9
1200,"Triangle tsui hark,ringo lam,johnnie to",
1201,Twins Mission,5.2
1202,Until Death,5.7
1203,The Warlords,7.0
1204,Anak ng Kumander,4.3
1205,Batman: Gotham Knight,6.6
1206,Be a Man Samurai School,6.7
1207,Beast Stalker,6.8
1208,The Chaser,7.8
1209,Chocolate,6.7
1210,Cicakman 2 Planet Hitam,3.3
1211,Connected,6.6
1212,Cyborg Soldier,7.4
1213,The Dark Knight,9.0
1214,Doomsday,5.9
1215,An Empress and the Warriors,5.8
1216,Far Cry,3.2
1217,Fatal Move,5.7
1218,Get Smart,6.5
1219,Go Fast,5.8
1220,Hancock,6.4
1221,Hell Ride,5.0
1222,The Hurt Locker,7.5
1223,Ichi,7.0
1224,Ip Man,8.0
1225,Justice League: The New Frontier,6.9
1226,K-20: Legend of the Mask,6.6
1227,Kung Fu Panda,7.6
1228,Legendary Assassin,6.1
1229,Les Insoumis,5.7
1231,Mutant Chronicles,5.2
1232,Never Back Down,
1233,Ong Bak 2,6.2
1234,Pineapple Express,6.9
1235,Punisher: War Zone,5.9
1237,Rough Cut,5.6
1240,Transporter 3,6.1
1241,Tropic Thunder,7.1
1242,Wanted,6.7
1243,Angel of Death,6.5
1244,Assault Girls,3.8
1245,Bangkok Adrenaline,4.7
1246,Bitch Slap,4.5
1247,Black Dynamite,7.4
1248,The Bleeding,3.0
1249,Blood and Bone,6.7
1250,Bodyguards and Assassins,6.8
1251,Clash,5.8
1252,Coweb,5.1
1253,District B13 Ultimatum,6.5
1254,Fast & Furious,6.5
1255,Fighting,5.6
1256,Fireball,7.2
1257,"Give 'Em Hell, Malone",5.8
1258,Green Lantern: First Flight,7.1
1259,Kung Fu Cyborg,4.7
1260,The Marine 2,4.9
1261,Marine Boy,7.4
1262,Merantau,6.7
1263,Mulan jingle ma,
1264,Ninja,7.2
1265,Ninja Assassin,6.3
1266,Ang Panday,5.6
1267,Paul Blart: Mall Cop,5.3
1268,Power Kids,5.6
1270,Raging Phoenix,6.0
1271,Robo Geisha,5.2
1272,Running Turtle,6.6
1273,Samurai Princess,4.3
1274,The Sniper,6.4
1275,The Storm Warriors,5.2
1277,Superman/Batman: Public Enemies,7.1
1278,The Tournament,6.0
1279,Turning Point,6.8
1280,Universal Soldier: Regeneration,5.3
1282,Zone of the Dead,3.8
1283,1 Night in San Diego,3.5
1284,3 Monkeys,7.3
1285,23 Walks,6.0
1286,Airplane Mode,1.9
1288,Bad Trip,6.5
1289,"Berlin, Berlin",8.4
1292,Blithe Spirit,5.4
1293,Borat Subsequent Moviefilm,6.6
1295,Coastal Elites,6.3
1296,Cocktail ra vijaya murugan,
1297,Coolie No 1,6.6
1298,Crazy Awesome Teachers,6.2
1299,Curveball,6.9
1300,Downhill,4.9
1301,Emma,6.7
1303,Feel the Beat,6.3
1305,Hubie Halloween,5.2
1306,Impractical Jokers: The Movie,5.8
1307,Like a Boss,4.7
1308,Magic Camp,6.3
1309,Mighty Oak,5.1
1311,Naan Sirithal,5.5
1312,"Ok, It's Fine",7.2
1313,On the Rocks,6.4
1314,Over the Moon,6.3
1315,Palm Springs,7.4
1316,Players,7.3
1317,Reboot Camp,4.5
1319,Seriously Single,4.6
1322,The Croods: A New Age,6.9
1324,The King of Staten Island,7.1
1325,The Kissing Booth 2,5.7
1326,The Lovebirds,6.1
1327,The Players stefano mordini,
1328,The Princess Switch: Switched Again,5.4
1329,The Prom,5.9
1330,The Sleepover,5.7
1331,The Thing About Harry,6.9
1332,The Wrong Missy,5.7
1333,Timmy Failure: Mistakes Were Made,6.0
1334,To All the Boys: PS I Still Love You,6.0
1335,Tolo Tolo,5.7
1336,Trolls: World Tour,6.1
1337,Valley Girl,6.4
1338,Work It,6.2
1339,14 Phere,6.3
1341,Barb and Star Go to Vista Del Mar,6.3
1342,Big Red Envelope,4.4
1343,Breaking News in Yuba County,5.8
1344,Clifford the Big Red Dog,5.9
1345,Coming 2 America,5.3
1346,Flora & Ulysses,6.2
1347,He's All That,4.4
1348,"Hi, Mom",6.1
1349,Locked Down,5.3
1350,Princess Daya Reese,6.7
1351,Rang De,8.1
1353,Rumble,6.2
1354,Sing 2,7.4
1355,South Park: Post Covid,5.4
1356,The Boss Baby: Family Business,5.9
1358,The Kissing Booth 3,4.8
1360,The Last Warrior: Root of Evil,5.9
1361,The Last Warrior 3,6.4
1362,The Princess Switch 3,5.5
1363,Red Rocket,7.1
1364,The Starling,6.4
1366,"To All the Boys: Always and Forever, Lara Jean",6.3
1367,Tom and Jerry,5.2
1368,Yes Day,5.7
1369,Werewolves Within,6.0
1370,Zombie Reddy,6.6
1371,13: The Musical,5.3
1372,A Man Called Otto,7.5
1373,About Fate,6.4
1374,Amsterdam,6.1
1375,Another Me,4.6
1376,Anything's Possible,5.7
1377,Beavis and Butt-Head Do the Universe,7.0
1378,Bhediya,6.8
1379,Bob's Burgers: The Movie,6.9
1380,Bros,7.1
1381,Cheaper by the Dozen gail lerner,
1382,Chip 'n Dale: Rescue Rangers,7.0
1383,DC League of Super-Pets,7.1
1384,Do Revenge,6.3
1385,Dog,6.5
1386,Easter Sunday,5.3
1387,Jackass Forever,6.8
1388,Kung Fu Ghost,4.0
1389,Laal Singh Chaddha,5.6
1390,Luck,6.4
1391,Marry Me,6.1
1392,Minions: The Rise of Gru,6.5
1393,Paws of Fury: The Legend of Hank,5.7
1394,Puss in Boots: The Last Wish,7.8
1395,Rosaline,6.5
1397,Sneakerella,4.9
1398,South Park: The Streaming Wars,6.7
1399,South Park: The Streaming Wars Part 2,6.7
1400,Tall Girl 2,4.7
1401,The Bad Guys,
1402,The Out-Laws,5.4
1403,The Valet,6.7
1404,Ticket to Paradise,6.1
1405,Too Cool to Kill,6.1
1406,Tower of Strength,
1407,White Noise noah baumbach,
1408,Barney's Version,7.3
1410,Burke and Hare,6.1
1411,Cannonball Wedlock,6.4
1412,Casino Jack,6.2
1413,Cemetery Junction,6.8
1414,The Clink of Ice,6.2
1416,Cyrano Agency,6.9
1417,Cyrus,6.3
1419,Death at a Funeral,7.3
1420,"Despicable Me chris renaud,pierre coffin",
1421,Diary of a Wimpy Kid,6.2
1422,Dinner for Schmucks,5.9
1423,The Drummond Will,5.8
1424,Due Date,6.5
1425,Easy A,7.0
1426,The Extra Man,5.8
1427,Flipped,7.7
1428,Four Lions,7.3
1429,Foxy Festival,5.9
1430,FUBAR 2,6.5
1431,Get Him to the Greek,6.3
1432,Going the Distance,6.3
1433,Greenberg,6.2
1434,Griff the Invisible,6.0
1435,Grown Ups,6.0
1436,Gunless,6.4
1437,Hahaha,6.8
1438,Happythankyoumoreplease,6.7
1439,Heartbreaker,6.7
1440,Hello Stranger,7.5
1441,Here Comes the Bride,6.5
1442,Hesher,6.9
1443,Hospitalite,6.4
1444,Hot Tub Time Machine steve pink,6.4
1445,How Do You Know,5.4
1446,It's Kind of a Funny Story,7.1
1447,Jack Goes Boating,6.3
1448,Jackass 3D,
1450,Just Wright,5.9
1451,The Kids Are All Right,7.0
1454,Lapland Odyssey,6.8
1455,The Last Circus,6.5
1456,Life as We Know It,6.5
1458,Little Fockers,
1459,Little White Lies,7.1
1460,Loose Cannons,
1461,Lottery Ticket,5.0
1462,Love & Other Drugs,6.7
1463,Love in a Puff,
1464,Love Scenario,5.7
1465,Middle Men,6.8
1466,Morning Glory,6.5
1467,Mr Nice,6.3
1468,My Dear Desperado,6.8
1469,The Names of Love,7.1
1470,Oki's Movie,6.8
1471,Our Family Wedding,5.0
1472,Perfect Wedding,6.1
1473,Petty Romance,6.3
1475,Please Give,6.6
1476,Potiche,6.4
1477,Rare Exports,6.6
1479,Rose War of Nana,7.3
1480,The Seaside Motel,6.4
1481,Sex and the City 2,4.5
1482,She's Out of My League,6.4
1483,Single Man,7.5
1484,The Sorcerer's Apprentice,6.1
1486,Submarine,7.3
1487,Super,7.1
1488,Super Player,2.0
1489,Swinging with the Finkels,4.6
1490,The Switch,6.1
1491,Tamara Drewe,6.2
1492,Tiny Furniture,6.2
1493,Toy Story 3,8.3
1494,The Trip,6.9
1495,Valentine's Day,5.7
1496,Vampires Suck,3.4
1497,Winter Vacation,6.5
1498,Yogi Bear,4.6
1499,You Again,5.7
1500,You Will Meet a Tall Dark Stranger,6.3
1501,Yuriko's Aroma,5.3
1503,The 33D Invader,
1504,50/50,4.2
1505,Arthur,5.7
1506,"Les aventures de Philibert, Capitaine Puceau",5.0
1507,Bad Teacher,5.6
1508,Bernie,6.8
1509,Beach Spike,4.4
1510,Beginners,7.2
1511,"Big Mommas: Like Father, Like Son",4.4
1512,The Big Year,6.2
1513,Vito Trabucco,
1514,Bridesmaids,6.8
1515,Bucky Larson: Born to Be a Star,3.3
1516,Carnage,5.9
1517,Cars 2,6.2
1518,Cedar Rapids,6.3
1519,The Change-Up,6.3
1520,Couples,5.5
1521,"Crazy, Stupid, Love",7.4
1522,Delhi Belly,7.5
1523,The Descendants,7.3
1524,Don't Go Breaking My Heart,5.4
1525,The Dilemma,5.3
1526,Flypaper,6.3
1527,Friends with Benefits,6.5
1528,From Prada to Nada,5.5
1529,Gnomeo & Juliet,5.9
1530,God Bless America,7.1
1531,A Good Old Fashioned Orgy,6.1
1533,Goon,6.8
1534,The Guard,6.7
1535,Hall Pass,5.9
1536,The Hangover Part II,6.5
1537,Le Havre,7.2
1538,Horrible Bosses,6.9
1539,The Inbetweeners Movie,6.7
1540,Jack and Jill,3.3
1541,Jumping the Broom,5.7
1542,Just Go With It,6.4
1543,Kung Fu Panda 2,7.2
1544,Larry Crowne,6.1
1545,Love in Space,5.6
1546,Love Is Not Blind,
1547,"Love, Wedding, Marriage",4.8
1548,Madea's Big Happy Family,4.8
1549,Monte Carlo,5.8
1550,Mr Popper's Penguins,6.0
1551,The Muppets,7.1
1552,New Year's Eve,5.6
1553,No Strings Attached,6.2
1554,Our Idiot Brother,6.4
1555,Prom,5.3
1557,Salmon Fishing in the Yemen,6.8
1558,Service Entrance,5.9
1559,Slapstick Brothers,6.0
1560,Something Borrowed,5.8
1561,Spy Kids: All the Time in the World,3.5
1562,Sunny,8.8
1563,Take Me Home Tonight,6.3
1564,Terri,6.1
1565,Tower Heist,6.2
1566,A Very Harold & Kumar Christmas,6.2
1567,Win Win,7.1
1568,Young Adult,6.3
1569,Zookeeper,5.2
1570,8 Reels of Sewage,5.8
1572,Ah Boys to Men,6.1
1573,All About My Wife,6.6
1574,"All's Well, Ends Well 2012",7.5
1575,American Reunion,6.7
1576,L'amour dure trois ans,6.1
1577,The Angels' Share,7.0
1578,Any Questions for Ben?,5.6
1579,Behind the Camera: Why Mr E Went to Hollywood,5.9
1580,The Campaign,6.1
1581,Capturing Dad,6.8
1582,Casa de Mi Padre,5.5
1583,Chips,6.4
1584,Cocktail homi adajania,
1585,The Dictator,6.4
1586,Due West: Our Sex Journey,5.3
1587,The Fierce Wife,7.3
1588,The Five-Year Engagement,6.2
1589,Hollywood a Go Go,7.8
1590,The Great Magician,5.9
1591,HOUBA On the Trail of the Marsupilami,5.5
1592,"Istanbul, Here I Come",7.1
1593,"Jeff, Who Lives at Home",6.4
1594,Joyful Noise,5.7
1595,The Kirishima Thing,7.2
1596,Lost in Thailand,6.2
1597,Love in the Buff,6.6
1598,Magic Mike,6.1
1599,Moonrise Kingdom,7.8
1600,My Sassy Hubby,5.7
1601,One for the Money,5.3
1602,The Players various,
1603,Project X,6.7
1604,Robo-G,5.2
1605,Ruby Sparks,7.2
1606,Sad Fairy Tale,5.9
1607,Seven Psychopaths,7.1
1608,Silver Linings Playbook,7.7
1609,The Soul of Bread,
1610,Spring Breakers,5.3
1611,Syndicate,7.3
1612,Ted,8.8
1613,Television,8.1
1614,This Means War,6.3
1615,The Three Stooges,5.1
1616,Tim and Eric's Billion Dollar Movie,5.3
1617,To Rome with Love,6.3
1618,Unpolitical Romance,7.3
1619,Vulgaria,6.3
1620,Wanderlust,5.6
1621,When a Wolf Falls in Love with a Sheep,6.5
1622,21 and Over,5.8
1623,30 Nights of Paranormal Activity with the Devil Inside the Girl with the Dragon Tattoo,2.5
1624,A Haunted House,5.0
1625,About Time,7.8
1626,Alan Partridge: Alpha Papa,6.9
1627,Anchorman 2: The Legend Continues,6.3
1628,Austenland,6.3
1629,Better and Better,9.0
1630,Clear History,6.5
1631,Computer Chess,6.2
1632,David Loman,4.1
1633,Don Jon,6.5
1634,Drinking Buddies,6.1
1635,Enough Said,7.0
1636,Fasten Your Seatbelt,6.5
1637,Finding Mr Right,6.4
1638,Forever Love,5.7
1639,Grown Ups 2,5.4
1641,How to Use Guys with Secret Tips,6.4
1642,I Give It a Year,5.7
1643,Identity Thief,5.7
1644,I'm So Excited,5.6
1645,In a World,6.7
1646,The Incredible Burt Wonderstone,5.9
1647,The Internship,6.3
1648,Jackass Presents: Bad Grandpa,6.5
1649,Journey to the West: Conquering the Demons,6.7
1650,The Kings of Summer,7.1
1651,Love Deposit,6.2
1652,Movie 43,4.3
1653,Mr Go,6.7
1654,Nobody's Daughter Haewon,6.7
1655,Prince Avalanche,6.3
1657,Say Yes,6.4
1658,Scary Movie 5,3.5
1659,Shuddh Desi Romance,5.8
1660,Thillu Mullu,8.5
1661,This is the End,6.6
1662,Tiny Times,3.2
1663,Tiny Times 2,5.1
1664,The To Do List,5.8
1665,Warm Bodies,6.8
1666,"The Way, Way Back",7.4
1667,We're the Millers,7.0
1668,Will You Still Love Me Tomorrow?,
1669,About Last Night,6.3
1670,The Biggest Toad in the Puddle,5.4
1671,Birdman,7.7
1672,Chef,7.3
1673,Date and Switch,5.7
1674,A Haunted House 2,4.7
1675,Hot Young Bloods,6.6
1676,How to Fight in Six Inch Heels,7.1
1677,The Hungover Games,3.5
1678,Judge,5.6
1679,Li'l Quinquin,7.3
1680,Love on the Cloud,8.6
1681,Mc Dull: Me & My Mum,6.4
1682,The Midnight After,5.5
1683,A Million Ways to Die in the West,6.1
1684,Muppets Most Wanted,6.4
1685,My Hawaiian Discovery,5.9
1686,My Old Classmate,5.5
1687,Neighbors,6.3
1688,Obvious Child,6.7
1689,Old Boys: The Way of the Dragon,7.2
1690,The Other Woman,6.0
1691,The Plan Man,6.3
1693,Santa Barbara,5.7
1694,Tammy,4.9
1695,The Teacher's Diary,7.8
1696,Temporary Family,5.5
1697,That Awkward Moment,6.1
1698,Tiny Times 3,3.0
1699,Town of the Dragon,8.5
1700,Trailer Park Boys: Don't Legalize It,7.3
1701,The Truth About Beauty,
1702,Virados do Avesso,4.1
1703,Walk of Shame,6.0
1704,"What We Do in the Shadows jemaine clement,taika waititi",8.6
1705,Who Moved My Dream,6.9
1706,12 Golden Ducks,4.7
1707,20 Once Again,6.5
1708,Accidental Love,4.1
1710,April Fools,6.1
1711,Banglaman,6.7
1712,The Big Short,7.8
1713,Chigasaki Story,6.2
1714,The Duff,6.4
1715,Entourage,8.4
1716,Focus,6.6
1717,Get Hard,6.0
1718,Haruko's Paranormal Laboratory,5.7
1719,Home Sweet Hell,5.5
1720,Hot Pursuit,5.1
1721,Hot Tub Time Machine 2,5.0
1724,Paul Blart: Mall Cop 2,4.4
1725,Pitch Perfect 2,6.4
1726,Results,5.5
1727,"S for Sex, S for Secret",5.0
1728,Saving Christmas,5.7
1729,The Second Best Exotic Marigold Hotel,6.5
1731,The Tale of Nishino,7.9
1732,Twenty,8.6
1733,Unforgettable Blast,7.6
1734,The Wedding Ringer,6.6
1735,Amateur Night,5.1
1736,The Angry Birds Movie,6.4
1737,Boo A Madea Halloween,4.6
1738,Dirty Grandpa,5.9
1739,Donald Trump's The Art of the Deal: The Movie,5.9
1740,Fifty Shades of Black,3.5
1741,Finding Dory,7.2
1742,"Hail, Caesar",6.3
1743,Grimsby,6.2
1744,Kapoor & Sons,7.7
1746,Kung Fu Panda 3,7.1
1747,Mike and Dave Need Wedding Dates,6.0
1748,Norm of the North,3.4
1749,Quo Vado?,6.6
1751,The Secret Life of Pets,6.5
1752,Trolls,5.9
1753,Velainu Vandhutta Vellaikaaran,5.9
1754,What a Wonderful Family,4.5
1755,The Boss Baby,6.3
1756,Captain Underpants: The First Epic Movie,6.2
1757,Cars 3,6.7
1758,Diary of a Wimpy Kid: The Long Haul,4.3
1759,Ferdinand,6.7
1760,How to Be a Latin Lover,6.0
1761,Pitch Perfect 3,5.8
1762,Skin: The Movie,6.3
1763,Spark,4.4
1764,T2 Trainspotting,7.2
1765,Blockers,6.2
1766,Book Club,6.1
1767,The Death of Stalin,7.2
1768,Game Night,6.9
1769,Gringo,6.1
1770,Hello Mr Billionaire,6.1
1771,I Feel Pretty,5.6
1772,Life of the Party,5.6
1773,"Love, Simon",7.5
1774,Monster Family,4.8
1775,Overboard,6.9
1776,The Samuel Project,7.4
1777,Sherlock Gnomes,5.2
1778,Show Dogs,3.9
1779,Super Troopers 2,6.0
1780,Tully,6.9
1781,The Angry Birds Movie 2,6.4
1782,The Lego Movie 2: The Second Part,6.6
1783,The Upside,7.0
1784,100 Girls,5.8
1785,101 Reykjavik,6.8
1786,28 Days,7.5
1787,Les acteurs,5.9
1788,Almost Famous,7.9
1789,Barking Dogs Never Bite,6.9
1790,Bedazzled,6.1
1791,Best in Show,7.4
1792,Big Momma's House,5.2
1793,Billy Elliot,7.7
1794,Bread and Tulips,7.3
1795,Bring It On,6.1
1796,Cecil B Demented,6.2
1798,Chuck & Buck,6.6
1799,Committed,5.1
1800,Company Man,6.6
1801,Coyote Ugly,5.7
1802,Devils on the Doorstep,8.2
1803,The Dish,7.2
1804,Down to You,5.0
1805,Drowning Mona,5.7
1806,Dr Seuss' How the Grinch Stole Christmas,6.3
1807,Dr T & the Women,4.7
1808,"Dude, Where's My Car?",5.5
1809,Duets,6.1
1810,The Flintstones in Viva Rock Vegas,3.7
1811,The Foul King,6.9
1812,Greenfingers,6.8
1813,"Harry, He's Here to Help",7.1
1814,High Fidelity,7.4
1815,In July,7.6
1816,The Ladies Man,5.2
1817,Little Nicky,5.3
1818,Little Otik,7.3
1819,Loser,5.3
1820,Lucky Numbers,5.1
1821,"Me, Myself & Irene",6.6
1822,Meet the Parents,7.0
1823,Miss Congeniality,6.3
1824,Needing You,6.8
1825,Next Friday,6.1
1826,Nurse Betty,6.3
1827,The Original Kings of Comedy,6.8
1828,La Perdicion de los hombres,6.7
1829,Playing Mona Lisa,5.8
1830,Ready to Rumble,5.3
1831,The Replacements,6.6
1832,The Road to El Dorado,6.9
1833,Road Trip,6.5
1834,Screwed,5.6
1836,Small Time Crooks,6.6
1837,Snatch,8.2
1838,Snow Day,5.1
1839,Songs from the Second Floor,7.5
1840,The Specials,7.4
1841,State and Main,6.7
1842,The Taste of Others,
1843,Together,5.9
1844,The Whole Nine Yards,6.7
1845,Wild Zero,6.3
1846,Wonder Boys,7.2
1847,Just Sue Me,3.7
1848,The 51st State,6.3
1850,Amelie,8.3
1851,America's Sweethearts,5.7
1852,American Desi,6.6
1853,American Pie 2,6.4
1854,The Animal,7.2
1855,Bandits,6.5
1856,Beethoven's 4th,4.1
1857,Bridget Jones's Diary,6.8
1858,The Brothers,7.9
1859,Bubble Boy,5.7
1860,Buffalo Soldiers,6.7
1861,The Cat's Meow,6.4
1862,The Closet,5.5
1863,Corky Romano,4.7
1864,CQ,6.2
1865,Crocodile Dundee in Los Angeles,4.8
1866,The Curse of the Jade Scorpion,6.7
1867,Don't Tempt Me,6.4
1869,Double Whammy,5.7
1870,Dr Dolittle 2,4.7
1871,Elling,7.5
1872,Evolution,6.1
1873,Festival in Cannes,6.0
1874,Freddy Got Fingered,4.6
1875,Get Over It,5.7
1876,Ghost World,7.3
1877,God Is Great and I'm Not,5.2
1878,He Died with a Felafel in His Hand,7.0
1879,Head over Heels,5.4
1880,Heartbreakers,6.2
1881,Hedwig and the Angry Inch,7.7
1882,How High,6.2
1883,Human Nature,6.4
1884,Jay and Silent Bob Strike Back,6.8
1885,Jett Jackson: The Movie,6.1
1886,Joe Dirt,6.0
1887,Joe Somebody,5.5
1888,Josie and the Pussycats,5.6
1889,Just Visiting,5.7
1890,Kate & Leopold,6.4
1891,Kingdom Come,5.5
1892,Lagaan,8.1
1893,Legally Blonde,6.4
1894,Living in Missouri,7.6
1895,The Lost Skeleton of Cadavra,6.8
1896,Lovely & Amazing,6.7
1897,Made,7.1
1898,The Man Who Sued God,6.4
1899,The Man Who Wasn't There,7.5
1900,Max Keeble's Big Move,5.4
1901,Mean Machine,7.1
1902,Mike Bassett: England Manager,6.8
1903,Monkeybone,4.8
1904,Monsoon Wedding,7.3
1905,Mr Bones,4.7
1906,My Sassy Girl,8.0
1907,No Man's Land,7.9
1908,Not Another Teen Movie,5.8
1909,Novocaine,5.8
1910,One Night at Mc Cool's,6.2
1911,Ocean's Eleven,7.7
1912,Osmosis Jones,6.3
1913,Out Cold,6.2
1915,Les Portes de la gloire,6.3
1916,The Princess Diaries,6.4
1917,Rat Race,6.5
1918,The Royal Tenenbaums,7.6
1919,Saving Silverman,5.8
1920,Say It Isn't So,5.0
1921,See Spot Run,5.4
1922,Series 7: The Contenders,6.5
1923,Shallow Hal,6.0
1924,Sidewalks of New York,6.4
1925,Son of the Bride,4.6
1926,Spy Kids,5.6
1927,Storytelling,6.8
1928,Sugar & Spice,5.7
1929,Summer Catch,5.1
1930,Super Troopers,7.0
1931,Tomcats,5.3
1932,Torrente 2: Mision en Marbella,6.4
1933,La Tour Montparnasse Infernale,5.7
1934,Town & Country,4.5
1935,Two Can Play That Game,6.1
1936,Va savoir,6.9
1937,La Verite si je mens 2,6.3
1938,Visitor Q,6.5
1940,The Wash,4.8
1941,The Wedding Planner,5.3
1942,Wet Hot American Summer,6.5
1943,What's the Worst That Could Happen?,5.4
1944,Y tu mama tambien,7.7
1945,Zoolander,6.5
1946,24 Hour Party People,7.3
1947,40 Days and 40 Nights,5.6
1948,8 Women,7.0
1949,800 Bullets,6.3
1950,About a Boy,7.1
1951,About Schmidt,7.2
1952,Adaptation,7.7
1953,American Girl,3.7
1954,Analyze That,5.9
1955,L'Auberge espagnole,7.3
1956,Austin Powers in Goldmember,6.2
1957,The Banger Sisters,5.7
1958,Barbershop,6.3
1959,Bend It Like Beckham,6.7
1960,Big Fat Liar,5.5
1961,Big Trouble,7.2
1962,Bubba Ho-tep,6.9
1963,Brown Sugar,6.5
1964,Cherish,6.6
1966,Comedian,6.9
1967,Confessions of a Dangerous Mind,7.0
1968,Crackerjack,6.7
1969,Crossroads,3.6
1970,The Cuckoo,8.7
1971,Day of the Wacko,8.1
1972,Death to Smoochy,6.3
1973,Divine Secrets of the Ya-Ya Sisterhood,6.1
1974,Divine Intervention,6.6
1975,Eight Crazy Nights,5.3
1976,Filantropica,8.4
1977,Friday After Next,5.8
1978,FUBAR,6.5
1979,The Good Girl,6.4
1980,He Loves Me He Loves Me Not,
1981,Hollywood Ending,6.5
1982,The Hot Chick,5.5
1983,I Spy,5.4
1984,Igby Goes Down,6.9
1985,The Importance of Being Earnest,6.8
1986,Interstate 60,7.6
1987,Intimate Stories,7.4
1988,Jackass: The Movie,6.6
1989,Juwanna Mann,4.7
1990,Kung Pow Enter the Fist,6.2
1991,Life or Something Like It,5.8
1992,Like Mike,5.4
1993,Maid in Manhattan,5.4
1994,The Man Without a Past,7.6
1995,The Master of Disguise,3.3
1996,Mr Deeds,5.8
1997,My Big Fat Greek Wedding,5.2
1998,National Lampoon's Van Wilder,6.4
1999,The New Guy,5.8
2000,Once Upon a Time in the Midlands,6.1
2001,Orange County,6.2
2002,Panchathanthiram,
2003,Ping Pong,8.6
2004,Pumpkin,6.1
2005,Punch-Drunk Love,7.3
2006,Real Women Have Curves,6.9
2007,Roger Dodger,6.9
2008,The Rules of Attraction,6.6
2009,The Santa Clause 2,5.7
2010,Secretary,6.9
2011,Serving Sara,5.3
2012,Sex Is Comedy,5.6
2013,Showtime,5.5
2014,Slackers,5.3
2015,Slap Her She's French,5.0
2016,Sorority Boys,5.4
2017,Spy Kids 2: The Island of Lost Dreams,5.3
2018,Spun,6.7
2019,Stealing Harvard,5.1
2020,Sweet Home Alabama,6.2
2021,The Sweetest Thing,5.2
2022,Two Weeks Notice,6.1
2024,Wilbur Wants to Kill Himself,6.8
2025,Alex & Emma,5.5
2026,American Splendor,7.4
2027,American Wedding,6.3
2028,Anger Management,6.2
2029,Anything Else,6.3
2031,Bad Santa,7.1
2032,The Barbarian Invasions,7.5
2033,Beethoven's 5th,4.0
2034,Big Fish,8.0
2035,Bright Young Things,6.5
2036,Bringing Down the House,5.6
2037,Bruce Almighty,6.8
2039,Calendar Girls,6.9
2041,Cheaper by the Dozen shawn levy,5.9
2042,Coffee and Cigarettes,7.0
2043,Daddy Day Care,5.6
2044,Death of a Dynasty,3.6
2045,Deliver Us from Eva,6.0
2046,Dickie Roberts: Former Child Star,5.5
2047,Down with Love,6.3
2048,Dumb and Dumberer: When Harry Met Lloyd,3.4
2049,Duplex,5.9
2050,Fear and Trembling,7.0
2051,Freaky Friday,6.3
2052,From Justin to Kelly,1.9
2053,George of the Jungle 2,3.3
2054,Gigli,2.6
2055,Good Boy,6.0
2056,The Green Butchers,7.2
2057,A Guy Thing,5.6
2058,The Haunted Mansion,5.2
2059,Head of State,5.5
2061,How to Lose a Guy in 10 Days,6.5
2062,Intermission,6.8
2063,Intolerable Cruelty,6.3
2064,Just Married,5.5
2065,Kitchen Stories,7.3
2066,Kopps,6.7
2067,"Legally Blonde 2: Red, White & Blonde",4.8
2068,The Lizzie Mc Guire Movie,5.5
2069,Looney Tunes: Back in Action,5.8
2070,Lost in Translation,7.7
2071,Love Actually,7.6
2072,Love Me If You Dare,7.5
2073,Malibu's Most Wanted,5.2
2074,Marci X,3.0
2075,Matchstick Men,7.3
2077,A Mighty Wind,7.2
2078,National Lampoon Presents Dorm Daze,4.6
2079,Noi the Albino,7.3
2080,Not on the Lips,6.4
2081,Nothing,8.0
2082,Old School,7.0
2083,Pauly Shore Is Dead,4.4
2084,Scary Movie 3,5.5
2085,School of Rock,7.2
2086,Schultze Gets the Blues,7.0
2087,Slim Susie,6.9
2088,Something's Gotta Give,6.7
2089,The Station Agent,7.6
2090,Stuck on You,5.8
2091,View from the Top,5.3
2092,What a Girl Wants,5.8
2093,13 Going on 30,6.3
2094,50 First Dates,6.8
2095,Adam & Paul,7.1
2096,After the Sunset,6.2
2097,Along Came Polly,6.0
2098,Anchorman: The Legend of Ron Burgundy,7.1
2099,Barbershop 2: Back in Business,5.7
2100,The Big Bounce,4.9
2101,Bridget Jones: The Edge of Reason,6.0
2102,The Calamari Wrestler,6.0
2103,Choking Hazard,4.8
2104,Christmas in Love,6.5
2105,Christmas with the Kranks,5.4
2106,Citizen Dog,7.3
2107,Connie and Carla,6.2
2108,The Cookout,3.8
2109,Crimen Ferpecto,7.1
2110,Cutie Honey,6.2
2111,DEBS,5.4
2112,A Dirty Shame,5.1
2113,Dodge Ball: A True Underdog Story,6.7
2114,Envy,4.8
2115,Eulogy,6.4
2116,Fat Albert,4.4
2117,First Daughter,5.1
2118,Garden State,7.4
2119,Garfield: The Movie,
2120,The Girl Next Door luke greenfield,6.7
2121,Harold & Kumar Go to White Castle,7.0
2122,I Heart Huckabees,6.5
2123,Imaginary Heroes,7.1
2124,In Good Company,6.5
2125,Incident at Loch Ness,6.5
2126,Inconscientes,7.2
2127,Inside I'm Dancing,7.7
2128,It's All Gone Pete Tong,7.2
2129,Jersey Girl,6.2
2130,Johnson Family Vacation,4.5
2131,Kamikaze Girls,7.2
2132,Kings and Queen,7.0
2133,Knots,6.9
2135,The Ladykillers,6.2
2136,Lemony Snicket's A Series of Unfortunate Events,
2137,Life Is a Miracle,
2138,Look at Me,6.2
2139,Mean Girls,
2140,Melinda and Melinda,6.4
2141,Meet the Fockers,6.3
2142,Millions,6.8
2143,Mr 3000,5.6
2144,Napoleon Dynamite,7.0
2145,New York Minute,4.9
2146,Nora's Hair Salon,4.4
2147,Ocean's Twelve,6.5
2148,Palindromes,6.7
2149,RRRrrrr,5.8
2150,Scooby-Doo 2: Monsters Unleashed,5.2
2151,Sex Lives of the Potato Men,4.6
2152,Shall We Dance?,6.2
2153,She Hate Me,5.3
2154,Sideways,7.5
2155,Sleepover,5.3
2156,Soul Plane,4.5
2157,Spanglish,6.4
2158,Starsky & Hutch,7.0
2159,The Stepford Wives,5.3
2160,Straight-Jacket,6.5
2161,Superbabies: Baby Geniuses 2,1.5
2162,Surviving Christmas,5.4
2163,Swing Girls,7.5
2164,The Taste of Tea,8.0
2166,The Terminal,7.9
2167,The Wedding,6.9
2168,White Chicks,5.8
2169,The Whole Ten Yards,5.5
2170,Win a Date with Tad Hamilton,5.6
2172,The 40-Year-Old Virgin,7.1
2173,Adam & Steve,5.8
2174,Adam's Apples,7.7
2175,American Pie Presents: Band Camp,
2176,Are We There Yet?,4.8
2177,The Aristocrats,6.4
2178,The Art of Seduction,5.8
2179,Bad News Bears,7.3
2180,The Baxter,6.5
2181,Beauty Shop,5.6
2182,Bewitched,7.6
2183,The Big White,6.3
2184,Breakfast on Pluto,7.2
2185,Cheaper by the Dozen 2,5.5
2186,The Chumscrubber,6.9
2187,A Cock and Bull Story,6.7
2188,Colour Me Kubrick,6.1
2189,The Comedians of Comedy,7.2
2190,Le Couperet,7.3
2191,Dark Horse,5.9
2192,Dave Chappelle's Block Party,7.2
2193,Deuce Bigalow: European Gigolo,4.7
2194,Diary of a Mad Black Woman,5.7
2195,Dirty Deeds,5.7
2196,Everything Is Illuminated,7.4
2197,Fever Pitch,6.2
2198,Fun with Dick and Jane,6.2
2199,The Girl from Monday,5.3
2200,Guess Who,5.9
2201,Herbie: Fully Loaded,4.9
2202,Hitch,6.6
2203,The Hitchhiker's Guide to the Galaxy,6.7
2204,The Honeymooners,8.6
2205,How Much Do You Love Me?,6.4
2206,I Am a Sex Addict,6.0
2207,The Ice Harvest,6.2
2208,In Her Shoes,6.5
2209,In the Mix,2.9
2210,Junebug,6.9
2211,Just Friends,6.2
2212,Just like Heaven,6.7
2213,Kicking & Screaming,5.6
2214,King and the Clown,7.3
2215,King's Ransom,4.4
2216,Kinky Boots,7.1
2217,Kiss Kiss Bang Bang,7.5
2218,The League of Gentlemen's Apocalypse,6.1
2219,Linda Linda Linda,7.5
2220,The Longest Yard,6.4
2221,Madagascar,6.9
2222,The Man,8.7
2223,Man of the House,5.4
2224,The Matador,6.7
2225,Me and You and Everyone We Know,7.2
2226,Monster-in-Law,5.5
2227,Mr & Mrs Smith,6.5
2228,Miss Congeniality 2: Armed and Fabulous,5.1
2229,Must Love Dogs,5.9
2230,Mutual Appreciation,6.6
2231,Nanny Mc Phee,6.6
2232,Never Been Thawed,5.6
2233,The Pacifier,5.6
2234,The Perfect Man,5.4
2235,The President's Last Bang,6.9
2236,Pretty Persuasion,6.4
2237,The Producers,6.3
2238,Rebound,6.3
2239,The Ringer,5.8
2240,Rumor Has It,5.5
2241,Russian Dolls,7.0
2242,Shopgirl,6.3
2243,Shut Up and Shoot Me,6.1
2244,Sky High,6.3
2245,Son of the Mask,2.3
2246,Southern Belles,5.5
2247,Summer in Berlin,6.9
2248,Takeshis',6.3
2249,Thank You for Smoking,7.5
2250,The Thing About My Folks,6.4
2251,Transamerica,7.4
2252,Underclassman,4.4
2253,Waiting,6.7
2254,The Weather Man,6.6
2255,Wedding Crashers,7.0
2256,The Wedding Date,6.1
2257,"Yours, Mine and Ours",5.5
2258,10 Items or Less,6.5
2259,12:08 East of Bucharest,7.3
2260,Accepted,6.4
2261,American Dreamz,5.5
2262,Art School Confidential,6.3
2263,Avenue Montaigne,6.7
2264,Bandidas,5.7
2265,Beerfest,6.2
2266,The Boss of It All,
2267,The Benchwarmers,5.5
2268,Big Momma's House 2,4.8
2269,Borat,7.4
2270,The Bothersome Man,7.2
2271,The Break-Up,5.8
2272,Les Bronzes 3: Amis pour la vie,4.0
2273,Caffeine,5.4
2274,Cashback,7.1
2275,Clerks II,7.3
2276,Click,6.4
2277,Church Ball,4.2
2278,The Darwin Awards,5.9
2279,Dasepo Naughty Girls,5.9
2280,Date Movie,2.8
2281,The Devil Wears Prada,6.9
2282,Dikkenek,6.8
2283,Employee of the Month,5.5
2284,The Family Friend,7.3
2285,Find Me Guilty,7.0
2286,The Foot Fist Way,6.2
2287,For Your Consideration,6.3
2288,Garfield: A Tail of Two Kitties,6.9
2289,Grandma's Boy,6.9
2290,The History Boys,6.8
2291,The Holiday,6.9
2292,Idiocracy,6.5
2293,Jackass Number Two,7.0
2294,John Tucker Must Die,5.7
2295,Just My Luck,5.4
2296,Kettle of Fish,5.2
2297,Larry the Cable Guy: Health Inspector,3.4
2298,Let's Go to Prison,5.9
2299,Lies & Alibis,6.3
2300,Lights in the Dusk,6.8
2301,Little Man,4.5
2302,Love and Other Disasters,6.1
2303,Madea's Family Reunion,5.3
2304,Man of the Year,6.2
2305,My Super Ex-Girlfriend,5.2
2306,Nacho Libre,5.9
2307,The Night of the White Pants,5.7
2308,No Mercy for the Rude,7.2
2309,"OSS 117: Cairo, Nest of Spies",7.0
2310,A Prairie Home Companion,6.7
2311,Priceless,7.0
2312,"Puff, Puff, Pass",5.4
2313,RV,5.6
2314,Scary Movie 4,5.1
2315,The Science of Sleep,6.3
2316,Scoop,7.6
2317,Seven Days of Grace,3.4
2318,The Shaggy Dog,4.4
2319,She's the Man,6.4
2320,Shortbus,6.4
2321,Stick It,6.4
2322,Stranger than Fiction,7.5
2323,Talladega Nights: The Ballad of Ricky Bobby,6.6
2324,Tenacious D in The Pick of Destiny,6.8
2325,Venus roger michell,
2326,Wristcutters: A Love Story,7.2
2327,"You, Me and Dupree",5.6
2328,Alvin and the Chipmunks,5.2
2329,American Pie Presents: The Naked Mile,5.3
2330,Aqua Teen Hunger Force Colon Movie Film for Theaters,6.7
2331,Are We Done Yet?,4.3
2332,Balls of Fury,5.3
2333,Bee Movie,6.1
2334,Blades of Glory,6.3
2335,Chennai 600028,7.9
2336,Catch and Release,
2337,Chaos Theory,6.6
2338,Code Name: The Cleaner,4.6
2339,The Comebacks,4.3
2340,Dan in Real Life,6.8
2341,Delta Farce,3.6
2342,Epic Movie,2.4
2343,Hairspray,7.0
2344,The Heartbreak Kid,5.8
2345,I Now Pronounce You Chuck and Larry,5.9
2346,Italian Spiderman,7.8
2347,Juno,7.5
2348,Kickin' It Old Skool,4.6
2349,Knocked Up,6.9
2350,License to Wed,5.2
2351,Life Kills Me,6.5
2352,Meet Bill,6.2
2353,Mr Woodcock,5.2
2354,No Reservations,6.3
2355,Ocean's Thirteen,6.9
2356,Ratatouille,8.1
2357,Reno 911: Miami,5.9
2358,Superbad,7.6
2359,Superhero Movie,4.6
2360,Surf's Up,6.7
2361,The Ten,7.6
2362,Viva,5.9
2363,Waitress,7.5
2364,The Call of the Wild,6.7
2365,The Christmas Chronicles 2,6.0
2366,Operation Christmas Drop,5.8
2367,The Silver Skates,7.1
2368,Chernobyl: Abyss,5.2
2369,Day of Destiny,5.0
2370,Edge of the World,5.3
2371,Endangered Species,4.6
2372,The Mighty Victoria,5.4
2373,Schemes in Antiques,6.0
2374,A Writer's Odyssey,6.2
2375,Freelance,5.6
2376,Indiana Jones and the Dial of Destiny,6.6
2377,The Three Musketeers: D'Artagnan,6.7
2379,600 kilos d'or pur,
2380,The 7 Adventures of Sinbad,2.5
2381,The Adventures of Fiyah Dog,2.8
2382,Agadez: the Music and the Rebellion,8.8
2383,Alice In Wonderland,6.4
2384,Bruc,6.8
2385,The Extraordinary Adventures of Adele Blanc-Sec,6.3
2386,The Karate Kid,7.3
2387,The Lost Future,4.9
2388,Nanga Parbat,6.5
2389,Robin Hood ridley scott,7.3
2391,Spear of Destiny,6.6
2392,"Tomorrow, When the War Began",6.1
2394,The Way Back,7.3
2395,The Adventures of Tintin: The Secret of the Unicorn,6.8
2396,Age of the Dragons,3.4
2397,Aguila Roja: la pelicula,4.9
2398,"Les Aventures de Philibert, capitaine puceau",5.0
2399,Black Gold,6.6
2400,El Capitan Trueno y el Santo Grial,3.1
2402,Deep Gold,3.2
2403,Dolphin Tale,6.8
2404,Dragon Crusaders,2.7
2405,The Eagle,6.2
2406,The Grey,6.7
2407,Harry Potter and the Deathly Hallows: Part II,8.1
2408,The Hunter daniel nettheim,
2409,Ironclad,6.1
2410,Jungle Child,7.1
2411,The Lost Medallion: The Adventures of Billy Stone,4.8
2412,Machine Gun Preacher,6.7
2413,The Malay Chronicles: Bloodlines,3.8
2414,Mercenaries paris leonti,
2415,The Mirror Boy,4.8
2416,Myn Bala,6.5
2417,Oka,8.1
2418,Pirates of the Caribbean: On Stranger Tides,6.6
2419,Puss in Boots,7.8
2420,Rango,7.2
2421,Rio,6.9
2422,Sanctum,5.9
2423,Saving Private Perez,5.9
2424,Sinbad and The Minotaur,3.2
2425,Smugglers' Songs,6.1
2427,The Three Musketeers paul w s anderson,
2428,Vicky and the Treasure of the Gods,5.5
2429,2012: Kurse a di Xtabai,4.2
2430,Big Miracle,6.5
2431,"Brave brenda chapman,mark andrews",
2432,Clash of the Empires,2.2
2433,The Day of the Siege: September Eleven 1683,4.3
2434,The Deep,6.2
2435,The Dinosaur Project,4.6
2436,An Enemy To Die For,5.9
2437,Fetih 1453,6.5
2438,God Loves Caviar,5.9
2440,The Hunt for the AmberRoom,8.3
2441,Ice Age: Continental Drift,6.5
2442,Inseln vor dem Wind,5.1
2443,Kon-Tiki,7.1
2444,Life of Pi,7.9
2445,Measuring the World,5.7
2446,The Pirates In an Adventure with Scientists,6.7
2447,Red Tails,5.9
2448,Rise of the Guardians,7.2
2449,Snow White and the Huntsman,6.1
2450,The Sound of Crickets at Night,6.0
2451,Zambezia,5.7
2452,After Earth,4.8
2453,The ARK Report,7.1
2454,The Adventurer: The Curse of the Midas Box,5.4
2455,All Is Lost,6.9
2456,Angelique,6.7
2457,Captain Phillips,7.8
2458,Collision,7.5
2459,The Croods,7.2
2460,Hammer of the Gods,4.5
2461,Hansel & Gretel: Witch Hunters,6.1
2462,Heatstroke,4.8
2463,Jonah,4.7
2464,Open Desert,4.8
2465,Oz the Great and Powerful,6.3
2466,The Physician,7.2
2467,Return to Nim's Island,4.9
2468,Richard the Lionheart,2.3
2469,The Three Musketeers sergey zhigunov,6.7
2470,Tracks,7.1
2471,Turning Tide,6.4
2472,Vikingdom,3.3
2473,Walking with Dinosaurs,8.5
2474,Welcome to the Jungle,6.9
2475,The Admiral: Roaring Currents,7.1
2476,Big Game,5.4
2477,Black Sea,6.4
2479,Cub,5.9
2480,Exodus: Gods and Kings,6.0
2481,Farm House II,
2482,Hector and the Search for Happiness,6.9
2483,Ironclad: Battle for Blood,4.3
2484,Jeff Dunham: All Over the Map,7.1
2485,Jilel: The Calling of the Shell,7.2
2486,Kenau,6.5
2487,Kuiba 3,7.4
2488,Lomasankarit,5.1
2489,The Lost 15 Boys: The Big Adventure on Pirates' Island,
2491,Noah,5.8
2492,Northmen: A Viking Saga,5.4
2493,Outcast,7.3
2494,Pompeii,5.5
2495,The Pirates,8.1
2496,The Pyramid,4.6
